,Year,Status,Value
0,2006,START,0
1,2007,TANG,9.65490500193873
2,2008,TANG,27.505556678116783
3,2009,GIAM,-59.39542807337268
4,2010,TANG,44.453117377305084
5,2011,GIAM,-25.059101654846327
6,2012,GIAM,-16.881478143307792
7,2013,GIAM,-8.967685968336603
8,2014,GIAM,-5.25312686122692
9,2015,TANG,2.036711088760379
10,2016,TANG,34.401182848693935
11,2017,TANG,5.867253392005867
12,2018,TANG,104.20852095600965
13,2019,GIAM,-4.812992960732753
14,2020,TANG,2.463580879404814
