,Year,Status,Value
0,2009,START,0
1,2010,GIAM,-22.905633124699076
2,2011,GIAM,-14.551131928181116
3,2012,GIAM,-14.288324502101224
4,2013,TANG,60.850564911532715
5,2014,GIAM,-10.4764429129945
6,2015,GIAM,-9.31902294596595
7,2016,TANG,38.17647538976412
8,2017,GIAM,-12.021502835538767
9,2018,TANG,67.52836903243136
10,2019,GIAM,-23.847695390781563
11,2020,TANG,13.157894736842103
