,Year,Status,Value
0,2009,START,0
1,2010,GIAM,-13.111387678904796
2,2011,GIAM,-27.408150111007657
3,2012,TANG,10.477505919494856
4,2013,TANG,27.08519378460439
5,2014,GIAM,-12.6624973649076
6,2015,TANG,2.9849545417974133
7,2016,GIAM,-12.50000000000001
8,2017,GIAM,-15.625
9,2018,TANG,33.86243386243388
10,2019,TANG,10.671936758893285
11,2020,TANG,26.428571428571423
