,Year,Status,Value
0,2011,START,0
1,2012,TANG,32.082364662902684
2,2013,GIAM,-64.89816444556197
3,2014,TANG,40.30563514804204
4,2015,TANG,34.08781484002721
5,2016,GIAM,-13.821550958243423
6,2017,GIAM,-33.799705449189986
7,2018,TANG,32.5027808676307
8,2019,GIAM,-14.204163868368036
9,2020,GIAM,-7.632093933463802
