,Year,Status,Value
0,2012,START,0
1,2013,TANG,0.07814535035166603
2,2014,TANG,78.9506953223767
3,2015,TANG,10.368400274274325
4,2016,GIAM,-45.76689195549447
5,2017,TANG,81.01503106883744
6,2018,TANG,67.89912743311919
7,2019,GIAM,-4.981096732190382
8,2020,TANG,13.71559081620386
