,Year,Status,Value
0,2015,START,0
1,2016,TANG,3.2218418049337227
2,2017,TANG,3.0957645858139315
3,2018,TANG,50.305230160039585
4,2019,TANG,4.281009879253572
5,2020,TANG,1.5789473684210575
