,Year,Status,Value
0,2009,START,0
1,2010,TANG,177.8364779874214
2,2011,GIAM,-48.85910901847158
3,2012,GIAM,-39.465297450424934
4,2013,TANG,64.05381690552795
5,2014,TANG,59.01230165804957
6,2015,TANG,31.303957842807467
7,2016,TANG,4.482964734010763
8,2017,GIAM,-0.825433148087603
9,2018,TANG,117.22290894107952
10,2019,GIAM,-18.645675265553866
11,2020,TANG,0.2564700396362775
