,Year,Status,Value
0,2018,START,0
1,2019,GIAM,-26.179942933431064
2,2020,GIAM,-1.4184397163120517
