,Year,Status,Value
0,2007,START,0
1,2008,TANG,23.459757834757824
2,2009,GIAM,-54.10146390711762
3,2010,TANG,48.27762284457362
4,2011,GIAM,-18.919205298013242
5,2012,GIAM,-67.58690538421328
6,2013,GIAM,-42.445318012297136
7,2014,TANG,60.64798598949213
8,2015,TANG,59.184563392565146
9,2016,GIAM,-17.949595945760855
10,2017,TANG,8.989232952174287
11,2018,GIAM,-2.159595650176138
12,2019,GIAM,-4.7589229805886095
13,2020,TANG,24.91781722550954
