,Year,Status,Value
0,2013,START,0
1,2014,GIAM,-20.381726199601403
2,2015,TANG,9.10753826899009
3,2016,TANG,27.20374128650842
4,2017,TANG,1.3526637069922298
5,2018,TANG,55.09547601122442
6,2019,TANG,2.387361546268929
7,2020,TANG,18.524265149556072
