,Year,Status,Value
0,2016,START,0
1,2017,GIAM,-1.665902491211978
2,2018,TANG,11.01736311559127
3,2019,TANG,28.999999999999996
4,2020,GIAM,-10.852713178294573
