,Year,Status,Value
0,2016,START,0
1,2017,GIAM,-1.665902491211979
2,2018,TANG,11.017363115591273
3,2019,TANG,29.000000000000004
4,2020,GIAM,-10.852713178294572
