,Year,Status,Value
0,2017,START,0
1,2018,TANG,60.85915909988155
2,2019,GIAM,-23.86299142545978
3,2020,TANG,8.06471109678457
