,Year,Status,Value
0,2018,START,0
1,2019,GIAM,-12.35955056179776
2,2020,GIAM,-23.717948717948712
