,Year,Status,Value
0,2006,START,0
1,2007,TANG,25.25141776937618
2,2008,TANG,48.386609918802264
3,2009,GIAM,-34.243983807644575
4,2010,TANG,16.538283062645
5,2011,GIAM,-28.34010246608797
6,2012,GIAM,-36.658640488979444
7,2013,TANG,23.79086496286331
8,2014,TANG,79.62866726508246
9,2015,TANG,12.179790647519859
10,2016,GIAM,-49.039926851569646
11,2017,GIAM,-13.006072874493919
12,2018,TANG,10.576973927759267
13,2019,GIAM,-38.26103591754747
14,2020,TANG,16.585328065690604
