,Year,Status,Value
0,2016,START,0
1,2017,TANG,818.9922480620156
2,2018,TANG,61.00972334629018
3,2019,GIAM,-73.87592124546015
4,2020,GIAM,-56.36856368563685
