,Year,Status,Value
0,2016,START,0
1,2017,TANG,51.51497952730368
2,2018,TANG,28.070701178888125
3,2019,TANG,1.4724623632101697
4,2020,GIAM,-9.452709686186179
