,Year,Status,Value
0,2006,START,0
1,2007,TANG,0.700331736085519
2,2008,TANG,58.07467057101028
3,2009,GIAM,-67.3875793081091
4,2010,TANG,72.91962510650382
5,2011,GIAM,-24.570912375790417
6,2012,TANG,13.53293413173651
7,2013,TANG,29.670118910625256
8,2014,TANG,4.318887738500219
9,2015,TANG,2.3394300297745643
10,2016,GIAM,-12.718204488778056
11,2017,GIAM,-30.23809523809524
12,2018,TANG,52.44596131968148
13,2019,GIAM,-13.432835820895528
14,2020,GIAM,-12.068965517241383
