,Year,Status,Value
0,2009,START,0
1,2010,TANG,54.666239795101646
2,2011,GIAM,-37.70440902504657
3,2012,GIAM,-41.56836683834524
4,2013,TANG,12.48222917259029
5,2014,TANG,7.912032355915058
6,2015,TANG,28.17990161630359
7,2016,GIAM,-15.917397660818718
8,2017,GIAM,-21.538795913931757
9,2018,TANG,108.47645429362882
10,2019,GIAM,-21.28620781291523
11,2020,GIAM,-6.937879810938549
