,Year,Status,Value
0,2018,START,0
1,2019,GIAM,-24.99926757097237
2,2020,GIAM,-7.03125
