,Year,Status,Value
0,2016,START,0
1,2017,TANG,3.279032370831292
2,2018,TANG,31.95911183319793
3,2019,GIAM,-16.308418406607494
4,2020,TANG,104.11916145641777
