,Year,Status,Value
0,2018,START,0
1,2019,GIAM,-21.233417561591928
2,2020,TANG,6.7669172932330905
