,Year,Status,Value
0,2007,START,0
1,2008,GIAM,-5.8823529411764595
2,2009,GIAM,-66.59663865546219
3,2010,TANG,165.04192872117395
4,2011,GIAM,-39.252521257662636
5,2012,GIAM,-41.86197916666667
6,2013,TANG,9.518477043673009
7,2014,TANG,34.91820040899795
8,2015,TANG,108.4880636604775
9,2016,TANG,199.6728462377317
10,2017,TANG,157.2780203784571
11,2018,TANG,143.44648750589343
12,2019,GIAM,-45.594073787159864
13,2020,TANG,23.91385601139095
