,Year,Status,Value
0,2018,START,0
1,2019,GIAM,-16.85556624078399
2,2020,TANG,16.901893287435463
