,Year,Status,Value
0,2017,START,0
1,2018,TANG,95.79564737475084
2,2019,GIAM,-2.4098413072379254
3,2020,TANG,27.606007828801005
