,Year,Status,Value
0,2017,START,0
1,2018,TANG,11.028588025393143
2,2019,GIAM,-27.50102769161778
3,2020,TANG,5.9278350515464036
