,Year,Status,Value
0,2017,START,0
1,2018,TANG,11.028588025393148
2,2019,GIAM,-27.501027691617775
3,2020,TANG,5.927835051546393
