,Year,Status,Value,Close
0,2010,START,0,37.039
1,2011,GIAM,-1.7468074192067968,36.391999999999996
2,2012,GIAM,-56.702022422510446,15.757
3,2013,TANG,9.246684013454354,17.214000000000002
4,2014,TANG,78.98222377134887,30.81
5,2015,TANG,15.368386887374239,35.545
6,2016,TANG,184.81080320720213,101.236
7,2017,TANG,65.00651941996917,167.046
8,2018,TANG,27.857596111250793,213.581
9,2019,GIAM,-27.356834175324572,155.15200000000002
10,2020,GIAM,-65.96885634732392,52.8
