,Year,Status,Value
0,2006,START,0
1,2007,TANG,10.000781311039919
2,2008,GIAM,-25.26812983876695
3,2009,GIAM,-65.38041153827876
4,2010,TANG,65.02402196293754
5,2011,TANG,1.4140741973049402
6,2012,GIAM,-20.201771653543314
7,2013,GIAM,-0.7400555041628039
8,2014,TANG,34.6380863622243
9,2015,TANG,31.510536840486076
10,2016,TANG,19.79063103105445
11,2017,TANG,12.89361909876484
12,2018,TANG,59.80799169693823
13,2019,GIAM,-16.82091248579314
14,2020,TANG,62.73017112369054
