,Year,Status,Value,Close
0,2018,START,0,38.201
1,2019,GIAM,-26.179942933431064,28.2
2,2020,GIAM,-1.4184397163120517,27.8
