,Year,Status,Value,Close
0,2008,START,0,3.531
1,2009,GIAM,-41.857830642877374,2.053
2,2010,TANG,179.63955187530448,5.7410000000000005
3,2011,GIAM,-48.98101376066888,2.929
4,2012,GIAM,-56.60635029020143,1.271
5,2013,TANG,162.6278520849725,3.338
6,2014,TANG,128.43019772318755,7.625
7,2015,TANG,18.872131147540987,9.064
8,2016,GIAM,-7.557369814651374,8.379
9,2017,TANG,154.93495643871586,21.361
10,2018,GIAM,-14.133233462852871,18.342
11,2019,GIAM,-69.50714207829026,5.593
12,2020,TANG,39.460039334882886,7.8
13,2021,status,6.286151852500943,close
