,Year,Status,Value,Close
0,2009,START,0,27.479
1,2010,GIAM,-16.900178317988278,22.835
2,2011,TANG,117.27611123275675,49.615
3,2012,TANG,13.459639222009468,56.293
4,2013,TANG,14.126090277654423,64.245
5,2014,GIAM,-18.8123589384388,52.159
6,2015,TANG,1.8290227956824339,53.113
7,2016,GIAM,-9.579575621787512,48.025
8,2017,GIAM,-13.378448724622588,41.6
9,2018,TANG,92.3076923076923,80.0
10,2019,GIAM,-1.750000000000007,78.6
11,2020,GIAM,-27.480916030534345,57.0
12,2021,status,6.2688940758826694,close
