,Year,Status,Value,Close
0,2010,START,0,16.070999999999998
1,2011,GIAM,-16.763113683031534,13.377
2,2012,GIAM,-42.81976526874487,7.649
3,2013,GIAM,-4.275068636423061,7.322
4,2014,GIAM,-4.438677956842383,6.997000000000001
5,2015,GIAM,-4.6305559525511155,6.672999999999999
6,2016,TANG,0.35965832459165165,6.697
7,2017,TANG,1.2094967896072795,6.778
8,2018,TANG,206.28503983475957,20.76
9,2019,GIAM,-16.127167630057816,17.412
10,2020,TANG,32.65563978865153,23.098000000000003
