,Year,Status,Value
0,2017,START,0
1,2018,TANG,60.859159099881566
2,2019,GIAM,-23.862991425459782
3,2020,TANG,8.064711096784578
