,Year,Status,Value,Close
0,2009,START,0,5.023
1,2010,TANG,78.29982082420864,8.956
2,2011,GIAM,-12.360428762840547,7.849
3,2012,TANG,22.86915530640846,9.644
4,2013,TANG,4.666113645790121,10.094
5,2014,GIAM,-4.6265107984941425,9.627
6,2015,TANG,40.15788926976212,13.493
7,2016,TANG,42.92596160972356,19.285
8,2017,TANG,59.828882551205595,30.823
9,2018,TANG,105.26230412354411,63.268
10,2019,TANG,5.432446102294995,66.705
11,2020,TANG,28.23026759613223,85.536
12,2021,status,26.648139205098854,close
