,Year,Status,Value
0,2018,START,0
1,2019,GIAM,-12.359550561797757
2,2020,GIAM,-23.717948717948715
