,Year,Status,Value,Close
0,2018,START,0,17.8
1,2019,GIAM,-12.359550561797757,15.6
2,2020,GIAM,-23.717948717948715,11.9
3,2021,status,-12.560234071353271,close
