,Year,Status,Value
0,2016,START,0
1,2017,TANG,51.51497952730367
2,2018,TANG,28.070701178888125
3,2019,TANG,1.472462363210169
4,2020,GIAM,-9.452709686186175
