,Year,Status,Value,Close
0,2008,START,0,9.65
1,2009,GIAM,-62.63212435233161,3.6060000000000003
2,2010,TANG,42.78979478646699,5.149
3,2011,TANG,12.507282967566502,5.792999999999999
4,2012,GIAM,-0.2589331952356237,5.778
5,2013,TANG,58.68812737971618,9.169
6,2014,GIAM,-13.796488166648496,7.904
7,2015,TANG,9.362348178137655,8.644
8,2016,TANG,100.97177232762608,17.372
9,2017,TANG,35.20607874740964,23.488000000000003
10,2018,GIAM,-21.53865803814714,18.429000000000002
11,2019,TANG,2.241033154267712,18.842
12,2020,GIAM,-1.2843647171213106,18.6
13,2021,status,5.177288794855861,close
