,Year,Status,Value
0,2006,START,0
1,2007,TANG,0.27155874720898987
2,2008,TANG,117.06788637457875
3,2009,GIAM,-81.87867361650217
4,2010,TANG,205.1866585067319
5,2011,GIAM,-27.23717852308617
6,2012,GIAM,-55.76684580405127
7,2013,TANG,32.80373831775701
8,2014,TANG,13.488153882242557
9,2015,TANG,55.88052914427449
10,2016,TANG,5.701783464827948
11,2017,GIAM,-3.2741642099981196
12,2018,TANG,51.06024252642503
13,2019,GIAM,-6.117192530585966
14,2020,GIAM,-27.47142203932328
