,Year,Status,Value
0,2018,START,0
1,2019,GIAM,-24.999267570972375
2,2020,GIAM,-7.031250000000003
