,Year,Status,Value,Close
0,2018,START,0,34.133
1,2019,GIAM,-24.999267570972375,25.6
2,2020,GIAM,-7.031250000000003,23.8
3,2021,status,-11.325074534320157,close
