,Year,Status,Value,Close
0,2018,START,0,25.328000000000003
1,2019,GIAM,-21.233417561591928,19.95
2,2020,TANG,6.7669172932330905,21.3
