,Year,Status,Value
0,2009,START,0
1,2010,GIAM,-17.841598010259606
2,2011,GIAM,-30.192516910269145
3,2012,GIAM,-26.046889822469154
4,2013,TANG,39.536375297782655
5,2014,GIAM,-0.3874187405607791
6,2015,TANG,43.117996044825304
7,2016,TANG,38.372253696282996
8,2017,TANG,18.76373077691234
9,2018,TANG,50.85064043274753
10,2019,GIAM,-1.293151499386851
11,2020,TANG,70.91442984602641
