,Year,Status,Value
0,2007,START,0
1,2008,TANG,25.609312477264485
2,2009,GIAM,-26.151172893136415
3,2010,TANG,92.15686274509807
4,2011,TANG,75.58163265306122
5,2012,TANG,6.9506596152728415
6,2013,TANG,3.5537684073249114
7,2014,TANG,15.936401322348736
8,2015,TANG,4.0916085815153425
9,2016,TANG,25.532655013479435
10,2017,TANG,19.085555940422587
11,2018,TANG,87.98138452588714
12,2019,TANG,55.35062202141488
13,2020,TANG,14.541832669322702
