,Year,Status,Value,Close
0,2017,START,0,60.699
1,2018,TANG,95.79564737475084,118.846
2,2019,GIAM,-2.4098413072379294,115.98200000000001
3,2020,TANG,27.606007828801005,148.0
4,2021,status,24.95972039874552,close
