,Year,Status,Value
0,2006,START,0
1,2007,TANG,138.55072463768116
2,2008,TANG,39.00364520048601
3,2009,GIAM,-47.0541958041958
4,2010,TANG,89.15304606240714
5,2011,TANG,17.351837304704542
6,2012,TANG,50.51692078839718
7,2013,TANG,60.69081385580864
8,2014,TANG,60.26015560134077
9,2015,GIAM,-11.981195433176628
10,2016,TANG,66.15508709206252
11,2017,TANG,25.283073330096972
12,2018,TANG,72.73765015132949
13,2019,GIAM,-27.535133562100615
14,2020,GIAM,-1.3595482116711985
