,Year,Status,Value,Close
0,2017,START,0,24.101
1,2018,TANG,11.028588025393143,26.759
2,2019,GIAM,-27.50102769161778,19.4
3,2020,TANG,5.9278350515464036,20.55
