,Year,Status,Value
0,2017,START,0
1,2018,TANG,16.770340880816132
2,2019,GIAM,-25.490091625825706
3,2020,TANG,22.79259312218489
